Estado,Municipio,Parroquia,Centro,Número de Electores escrutados.,Número de Actas Procesadas.,Número total de Votos Nulos.,Número Total de Votantes que votaron realmente.,HUGO CHAVEZ,Número total de Votos Válidos.,ORLANDO CHIRINO,REINA SEQUERA,LUIS REYES,Número de Actas Esperadas.,Número de Electores Esperados.,MARIA BOLIVAR,HENRIQUE CAPRILES RADONSKI,Número de Votos Escrutados.
EDO. COJEDES,MP. GIRARDOT,PQ. EL BAUL,ESCUELA  PRIMARIA   BOLIVARIANA  NICOLAS DE CASTRO,2898,5,57,2325,1367,2268,0,10,1,2,888,2325
EDO. COJEDES,MP. GIRARDOT,PQ. EL BAUL,LICEO BOLIVARIANO HIGINIO MORALES,2805,5,51,2315,1440,2264,1,19,1,2,801,2315
EDO. COJEDES,MP. GIRARDOT,PQ. EL BAUL,CENTRO DE EDUCACION INICIAL QUEBRADA DE AGUA,186,1,2,169,160,167,0,0,0,0,7,169
EDO. COJEDES,MP. GIRARDOT,PQ. EL BAUL,ESCUELA  ESTADAL  LA NUÑERA,620,2,14,456,341,442,0,3,1,0,97,456
EDO. COJEDES,MP. GIRARDOT,PQ. EL BAUL,ESCUELA MUNICIPAL UNITARIA NUMERO  2,244,1,3,152,135,149,0,2,0,0,12,152
EDO. COJEDES,MP. GIRARDOT,PQ. EL BAUL,ESCUELA ESTADAL UNITARIA NUMERO 75,512,1,3,379,316,376,0,0,0,0,60,379
EDO. COJEDES,MP. GIRARDOT,PQ. EL BAUL,ESCUELA  ESTADAL NUMERO 241 ZANJA DE LIRA,242,1,2,184,151,182,0,0,0,0,31,184
EDO. COJEDES,MP. GIRARDOT,PQ. SUCRE,ESCUELA BOLIVARIANA LA PALMITA,357,1,3,308,256,305,0,0,0,0,49,308
EDO. COJEDES,MP. GIRARDOT,PQ. SUCRE,ESCUELA  ESTADAL  FRANCISCO VILLANUEVA,825,2,8,658,450,650,0,8,2,0,190,658
EDO. COJEDES,MP. GIRARDOT,PQ. SUCRE,ESCUELA  BASICA CONCONCENTRADA  SIN NUMERO NUCLEO 400,381,1,2,283,242,281,0,4,0,0,35,283
EDO. COJEDES,MP. GIRARDOT,PQ. SUCRE,ESCUELA  BASICA  CONCENTRADA  CHIVERRY,142,1,2,108,84,106,0,0,0,0,22,108
EDO. COJEDES,MP. TINACO,PQ. GRL/JEFE JOSE L SILVA,ESCUELA  ESTADAL  CONCENTRADA NUMERO 96 103,437,1,12,363,287,351,0,1,1,0,62,363
EDO. COJEDES,MP. TINACO,PQ. GRL/JEFE JOSE L SILVA,ESCUELA  BASICA BOLIVARIANA  JOSE LAURENCIO SILVA,3458,6,59,2794,1242,2735,1,18,1,1,1472,2794
EDO. COJEDES,MP. TINACO,PQ. GRL/JEFE JOSE L SILVA,ESCUELA PRIMARIA LA CRUZ,94,1,0,89,71,89,0,0,0,0,18,89
EDO. COJEDES,MP. TINACO,PQ. GRL/JEFE JOSE L SILVA,CENTRO DE EDUCACION EL MIJAGUA,395,1,7,353,312,346,0,3,1,0,30,353
EDO. COJEDES,MP. TINACO,PQ. GRL/JEFE JOSE L SILVA,ESCUELA PRIMARIA CAMORUCO,390,1,12,356,258,344,1,1,0,0,84,356
EDO. COJEDES,MP. TINACO,PQ. GRL/JEFE JOSE L SILVA,ESCUELA BASICA UNITARIA EL SOCORRO,59,1,3,55,43,52,0,0,0,0,9,55
EDO. COJEDES,MP. TINACO,PQ. GRL/JEFE JOSE L SILVA,ESCUELA  BASICA RURAL ORUPE,861,2,14,677,494,663,0,6,1,0,162,677
EDO. COJEDES,MP. TINACO,PQ. GRL/JEFE JOSE L SILVA,JARDIN DE INFANCIA BOLIVARIANO TINACO,591,1,11,495,303,484,0,0,0,0,181,495
EDO. COJEDES,MP. TINACO,PQ. GRL/JEFE JOSE L SILVA,CENTRO DE EDUCACION INICIAL ESTEFANA GONZALEZ,318,1,9,283,230,274,0,2,0,0,42,283
EDO. COJEDES,MP. TINACO,PQ. GRL/JEFE JOSE L SILVA,ESCUELA BASICA JOSE CARRILLO MORENO,415,1,7,378,253,371,0,0,0,0,118,378
EDO. COJEDES,MP. TINACO,PQ. GRL/JEFE JOSE L SILVA,ESCUELA  BASICA BOLIVARINA  PEDRO DUARTE,1347,3,17,1101,742,1084,0,8,0,1,333,1101
EDO. COJEDES,MP. TINACO,PQ. GRL/JEFE JOSE L SILVA,ESCUELA  BASICA BOLIVARIANA  JOSE MARIA VARGAS,1014,2,20,819,582,799,0,2,0,0,215,819
EDO. COJEDES,MP. TINACO,PQ. GRL/JEFE JOSE L SILVA,ESCUELA  BASICA  AURA DE TERAN,1393,3,28,1096,755,1068,0,5,1,0,307,1096
EDO. COJEDES,MP. TINACO,PQ. GRL/JEFE JOSE L SILVA,UNIDAD  EDUCATIVA  DE EDUCACIÒN  ESPECIAL TINACO,1420,3,25,1188,652,1163,0,9,1,0,501,1188
EDO. COJEDES,MP. TINACO,PQ. GRL/JEFE JOSE L SILVA,CENTRO DE EDUCACION INICIAL COLINAS DE SAN LORENZO TINACO,451,1,13,371,303,358,0,2,0,0,53,371
EDO. COJEDES,MP. TINACO,PQ. GRL/JEFE JOSE L SILVA,ESCUELA  ESTADAL CONCENTRADA  NUMERO  151 236 LAS TEJAS,343,1,7,271,186,264,0,3,0,0,75,271
EDO. COJEDES,MP. TINACO,PQ. GRL/JEFE JOSE L SILVA,ESCUELA  BASICA  FRANCISCO MARIA ARIAS,3396,6,70,2725,1710,2655,0,6,2,2,935,2725
EDO. COJEDES,MP. TINACO,PQ. GRL/JEFE JOSE L SILVA,ESCUELA BASICA GUANMONTEY,262,1,5,239,227,234,0,0,0,0,7,239
EDO. COJEDES,MP. TINACO,PQ. GRL/JEFE JOSE L SILVA,LICEO TECNICO ROBINSONIANO  SIXTO SOSA,1859,4,32,1542,933,1510,0,13,0,0,564,1542
EDO. COJEDES,MP. TINACO,PQ. GRL/JEFE JOSE L SILVA,ESCUELA PRIMARIA UNITARIA CHAPARRAL,108,1,2,105,89,103,0,0,0,0,14,105
EDO. COJEDES,MP. TINACO,PQ. GRL/JEFE JOSE L SILVA,ESCUELA ESTADAL LA VILLEGUERA,252,1,7,223,187,216,0,0,0,0,29,223
EDO. COJEDES,MP. TINACO,PQ. GRL/JEFE JOSE L SILVA,ESCUELA  BASICA BOLIVARIANA CREACIÒN  TINACO,2118,4,65,1763,1169,1698,0,13,1,2,513,1763
EDO. COJEDES,MP. TINACO,PQ. GRL/JEFE JOSE L SILVA,ESCUELA  BASICA  CARLOS QUINTERO ALEGRIA,2128,4,46,1702,1176,1656,0,12,4,0,464,1702
EDO. COJEDES,CE. EZEQUIEL ZAMORA,PQ. MANUEL MANRIQUE,ESCUELA UNITARIA NUMERO 101,499,1,10,397,293,387,0,1,1,0,92,397
EDO. COJEDES,CE. EZEQUIEL ZAMORA,PQ. MANUEL MANRIQUE,GRUPO ESCOLAR COAHERI,2111,4,46,1750,992,1704,0,10,1,1,700,1750
EDO. COJEDES,CE. EZEQUIEL ZAMORA,PQ. MANUEL MANRIQUE,ESCUELA ESTADAL CONCENTRADA MACANILLA,232,1,3,178,126,175,1,1,0,0,47,178
EDO. COJEDES,CE. EZEQUIEL ZAMORA,PQ. MANUEL MANRIQUE,ESCUELA CONCENTRADA CARIAQUITO,181,1,2,170,127,168,0,0,0,1,40,170
EDO. COJEDES,CE. EZEQUIEL ZAMORA,PQ. JUAN ANGEL BRAVO,ESCUELA  ESTADAL PARAGUITO,139,1,6,95,58,89,0,1,0,0,30,95
EDO. COJEDES,CE. EZEQUIEL ZAMORA,PQ. JUAN ANGEL BRAVO,ESCUELA BOLIVARIANA CAMPO ALEGRE,126,1,0,116,93,116,0,0,0,0,23,116
EDO. COJEDES,CE. EZEQUIEL ZAMORA,PQ. JUAN ANGEL BRAVO,ESCUELA CONCENTRADA ESCOLAR LA SIERRA,533,1,4,425,286,421,0,3,0,0,132,425
EDO. COJEDES,CE. EZEQUIEL ZAMORA,PQ. JUAN ANGEL BRAVO,ESCUELA ESTADAL UNITARIA LA FLORIDA,96,1,1,76,59,75,0,0,0,0,16,76
EDO. COJEDES,CE. EZEQUIEL ZAMORA,PQ. JUAN ANGEL BRAVO,ESCUELA ESTADAL UNITARIA  NUCLEO 322,79,1,1,72,65,71,0,0,0,0,6,72
EDO. COJEDES,CE. EZEQUIEL ZAMORA,PQ. JUAN ANGEL BRAVO,ESCUELA ESTADAL LAS TUCURAGUAS 114,170,1,2,129,76,127,0,2,0,0,49,129
EDO. COJEDES,CE. EZEQUIEL ZAMORA,PQ. SAN CARLOS DE AUSTRIA,ESCUELA ESTADAL UNITARIA TIO AGUSTIN,177,1,3,78,71,75,0,0,0,0,4,78
EDO. COJEDES,CE. EZEQUIEL ZAMORA,PQ. SAN CARLOS DE AUSTRIA,CENTRO DE EDUCACION INICIAL BOLIVARIANO ALEJANDRO FEBRES,340,1,7,305,235,298,0,1,0,1,61,305
EDO. COJEDES,CE. EZEQUIEL ZAMORA,PQ. SAN CARLOS DE AUSTRIA,ESCUELA BASICA BOLIVARIANA ANDRES ELOY BLANCO,2719,5,57,2217,1357,2160,1,17,6,0,779,2217
EDO. COJEDES,CE. EZEQUIEL ZAMORA,PQ. SAN CARLOS DE AUSTRIA,ESCUELA BASICA RAMON ANTONIO VILLEGAS,802,2,13,682,507,669,1,3,1,0,157,682
EDO. COJEDES,CE. EZEQUIEL ZAMORA,PQ. SAN CARLOS DE AUSTRIA,ESCUELA ESTADAL UNITARIA NUMERO 102,246,1,5,213,199,208,0,1,0,0,8,213
EDO. COJEDES,CE. EZEQUIEL ZAMORA,PQ. SAN CARLOS DE AUSTRIA,CENTRO DE EDUCACIÒN INICIAL EL PAUJIL,895,2,17,741,331,724,1,2,0,1,389,741
EDO. COJEDES,CE. EZEQUIEL ZAMORA,PQ. SAN CARLOS DE AUSTRIA,ESCUELA BASICA MARITZA MENA DE PEREZ,522,1,14,459,272,445,0,2,0,0,171,459
EDO. COJEDES,CE. EZEQUIEL ZAMORA,PQ. SAN CARLOS DE AUSTRIA,CENTRO DE EDUCACION INICIAL SIMONCITO LA MEDINERA,369,1,8,337,225,329,0,1,0,0,103,337
EDO. COJEDES,CE. EZEQUIEL ZAMORA,PQ. SAN CARLOS DE AUSTRIA,ESCUELA BASICA EMILIO GERONIMO GOMEZ,1412,3,14,1156,919,1142,0,8,2,0,213,1156
EDO. COJEDES,CE. EZEQUIEL ZAMORA,PQ. SAN CARLOS DE AUSTRIA,CENTRO DE EDUCACION INICIAL BOLIVARIANO LYA IMBER DE CORONIL,78,1,4,71,48,67,0,1,0,0,18,71
EDO. COJEDES,CE. EZEQUIEL ZAMORA,PQ. SAN CARLOS DE AUSTRIA,ESCUELA  BASICA BOLIVARIANA CARLOS VILORIO,3916,7,45,3233,1286,3188,0,33,1,4,1864,3233
EDO. COJEDES,CE. EZEQUIEL ZAMORA,PQ. SAN CARLOS DE AUSTRIA,ESCUELA  GRADUADA  MARIA CLEMENCIA DE GUERRA,1126,2,28,938,597,910,2,3,0,1,307,938
EDO. COJEDES,CE. EZEQUIEL ZAMORA,PQ. SAN CARLOS DE AUSTRIA,ESCUELA  BASICA ALEJANDRO FEBRES,2482,5,74,1915,1097,1841,1,10,1,0,732,1915
EDO. COJEDES,CE. EZEQUIEL ZAMORA,PQ. SAN CARLOS DE AUSTRIA,ESCUELA BASICA  LA BLANQUERA,2455,5,26,2053,913,2027,1,18,1,1,1093,2053
EDO. COJEDES,CE. EZEQUIEL ZAMORA,PQ. SAN CARLOS DE AUSTRIA,ESCUELA CONCENTRADA LA PALMA,515,1,11,437,282,426,1,3,0,0,140,437
EDO. COJEDES,CE. EZEQUIEL ZAMORA,PQ. SAN CARLOS DE AUSTRIA,CENTRO DE EDUCACION INICIAL BOLIVARIANO LUISA CACERES DE ARISMENDI,245,1,2,208,164,206,0,1,0,0,41,208
EDO. COJEDES,CE. EZEQUIEL ZAMORA,PQ. SAN CARLOS DE AUSTRIA,ESCUELA ESTADAL EL PENITENTE,142,1,4,116,94,112,0,1,0,0,17,116
EDO. COJEDES,CE. EZEQUIEL ZAMORA,PQ. SAN CARLOS DE AUSTRIA,CENTRO DE EDUCACION INICIAL SAN RAMON,718,2,6,636,461,630,0,5,0,0,164,636
EDO. COJEDES,CE. EZEQUIEL ZAMORA,PQ. SAN CARLOS DE AUSTRIA,UNIDAD GERIATRICA AGUSTIN CAPO BIANCO SANCHEZ,688,2,8,594,394,586,0,2,1,0,189,594
EDO. COJEDES,CE. EZEQUIEL ZAMORA,PQ. SAN CARLOS DE AUSTRIA,CENTRO DE EDUCACION INICIAL EL RETAZO,524,1,13,442,333,429,0,4,0,0,92,442
EDO. COJEDES,CE. EZEQUIEL ZAMORA,PQ. SAN CARLOS DE AUSTRIA,CENTRO DE EDUCACION INICIAL ESTADAL EZEQUIEL ZAMORA,359,1,9,323,261,314,0,2,0,0,51,323
EDO. COJEDES,CE. EZEQUIEL ZAMORA,PQ. SAN CARLOS DE AUSTRIA,ESCUELA GRANJA ANIBAL DOMINICI,374,1,8,329,145,321,0,4,0,0,172,329
EDO. COJEDES,CE. EZEQUIEL ZAMORA,PQ. SAN CARLOS DE AUSTRIA,ESCUELA TECNICA AGROPECUARIA  E INDUSTRIAL ROBINSONIANA Y ZAMORANA SIMON RODRIGUEZ,115,1,5,98,78,93,0,0,0,0,15,98
EDO. COJEDES,CE. EZEQUIEL ZAMORA,PQ. SAN CARLOS DE AUSTRIA,LICEO ELOY GUILLERMO GONZALEZ,2287,4,34,1959,783,1925,0,11,0,0,1131,1959
EDO. COJEDES,CE. EZEQUIEL ZAMORA,PQ. SAN CARLOS DE AUSTRIA,ESCUELA  BASICA  JULIO ESCALONA,1866,4,42,1486,930,1444,0,16,0,1,497,1486
EDO. COJEDES,CE. EZEQUIEL ZAMORA,PQ. SAN CARLOS DE AUSTRIA,ESCUELA BASICA BOLIVARIANA IGINIO MORALES,2487,5,28,2076,766,2048,3,9,0,2,1268,2076
EDO. COJEDES,CE. EZEQUIEL ZAMORA,PQ. SAN CARLOS DE AUSTRIA,ESCUELA  BASICA  ELEAZAR ALMARAT,2068,4,33,1777,674,1744,0,8,0,0,1062,1777
EDO. COJEDES,CE. EZEQUIEL ZAMORA,PQ. SAN CARLOS DE AUSTRIA,CENTRO DE EDUCACION INICIAL FUNDACODULLEZ,294,1,3,260,187,257,0,1,0,0,69,260
EDO. COJEDES,CE. EZEQUIEL ZAMORA,PQ. SAN CARLOS DE AUSTRIA,ESCUELA BASICA BOLIVARIANA DOCTOR JOSE GREGORIO HERNANDEZ,334,1,4,284,253,280,0,1,0,0,26,284
EDO. COJEDES,CE. EZEQUIEL ZAMORA,PQ. SAN CARLOS DE AUSTRIA,ESCUELA ESTADAL CONCENTRADA VALLE HONDO,516,1,11,435,293,424,0,1,0,0,130,435
EDO. COJEDES,CE. EZEQUIEL ZAMORA,PQ. SAN CARLOS DE AUSTRIA,ESCUELA BASICA MONSEÑOR FRANCISCO MIGUEL SEIJAS,2975,6,65,2413,1458,2348,1,17,0,1,871,2413
EDO. COJEDES,CE. EZEQUIEL ZAMORA,PQ. SAN CARLOS DE AUSTRIA,LICEO CREACION LIMONCITO,1826,4,50,1579,749,1529,1,8,0,1,770,1579
EDO. COJEDES,CE. EZEQUIEL ZAMORA,PQ. SAN CARLOS DE AUSTRIA,ESCUELA BASICA BOLIVARIANA LA MAPORA,1091,2,17,914,671,897,1,4,0,2,219,914
EDO. COJEDES,CE. EZEQUIEL ZAMORA,PQ. SAN CARLOS DE AUSTRIA,ESCUELA BASICA OCTAVIO PAEZ,599,1,13,506,356,493,0,4,0,0,133,506
EDO. COJEDES,CE. EZEQUIEL ZAMORA,PQ. SAN CARLOS DE AUSTRIA,ESCUELA PRIMARIA BOLIVARIANA MANGO REDONDO,436,1,12,378,277,366,1,1,0,0,87,378
EDO. COJEDES,CE. EZEQUIEL ZAMORA,PQ. SAN CARLOS DE AUSTRIA,ESCUELA BASICA PUERTO ESCONDIDO,170,1,5,155,112,150,0,2,1,0,35,155
EDO. COJEDES,CE. EZEQUIEL ZAMORA,PQ. SAN CARLOS DE AUSTRIA,ESCUELA BASICA EL RETAZO,340,1,2,275,223,273,0,4,0,1,45,275
EDO. COJEDES,CE. EZEQUIEL ZAMORA,PQ. SAN CARLOS DE AUSTRIA,ESCUELA PRIMARIA NACIONAL BOLIVARIANA 24 DE JULIO DE 1783 NATALICIO DEL LIBERTADOR,997,2,22,927,686,905,0,9,0,0,210,927
EDO. COJEDES,CE. EZEQUIEL ZAMORA,PQ. SAN CARLOS DE AUSTRIA,CENTRO DE EDUCACION INICIAL BOLIVARIANO MONSEÑOR PADILLA,458,1,7,399,263,392,0,6,0,0,123,399
EDO. COJEDES,CE. EZEQUIEL ZAMORA,PQ. SAN CARLOS DE AUSTRIA,UNIDAD SANITARIA CANDIDO DIAZ CARBALLO,964,2,18,800,335,782,0,5,1,0,441,800
EDO. COJEDES,CE. EZEQUIEL ZAMORA,PQ. SAN CARLOS DE AUSTRIA,LICEO NACIONAL BOLIVARIANO 24 DE JULIO DE 1783,1022,2,21,941,727,920,0,4,0,0,189,941
EDO. COJEDES,CE. EZEQUIEL ZAMORA,PQ. SAN CARLOS DE AUSTRIA,ESCUELA BASICA NACIONAL BOLIVARIANA ROMULO GALLEGOS,2356,4,79,1965,1122,1886,0,16,0,0,748,1965
EDO. COJEDES,CE. EZEQUIEL ZAMORA,PQ. SAN CARLOS DE AUSTRIA,ESCUELA BASICA NACIONAL BOLIVARIANA GENERAL FRANCISCO DE MIRANDA,603,2,8,537,398,529,0,3,0,0,128,537
EDO. COJEDES,CE. EZEQUIEL ZAMORA,PQ. SAN CARLOS DE AUSTRIA,ESCUELA  BOLIVARIANA EL BANCO DE MAPURITE,381,1,4,320,232,316,0,0,0,0,84,320
EDO. COJEDES,CE. EZEQUIEL ZAMORA,PQ. SAN CARLOS DE AUSTRIA,ESCUELA CONCENTRADA SOLANO,424,1,8,343,249,335,0,2,1,1,82,343
EDO. COJEDES,CE. EZEQUIEL ZAMORA,PQ. SAN CARLOS DE AUSTRIA,ESCUELA  BASICA  CREACION SAN CARLOS,3409,6,57,2867,1494,2810,2,25,0,1,1288,2867
EDO. COJEDES,CE. EZEQUIEL ZAMORA,PQ. SAN CARLOS DE AUSTRIA,ESCUELA BOLIVARIANA MAPUEY,1269,3,32,1056,692,1024,1,4,0,0,327,1056
EDO. COJEDES,CE. EZEQUIEL ZAMORA,PQ. SAN CARLOS DE AUSTRIA,ESCUELA  BASICA  MARIA  DE  ALBORNOZ,2806,5,44,2235,1301,2191,0,18,0,2,870,2235
EDO. COJEDES,CE. EZEQUIEL ZAMORA,PQ. SAN CARLOS DE AUSTRIA,UNIDAD EDUCATIVA PRIVADA MIGUEL PALAO RICO,1144,2,27,973,394,946,1,7,0,0,544,973
EDO. COJEDES,CE. EZEQUIEL ZAMORA,PQ. SAN CARLOS DE AUSTRIA,ESCUELA BASICA SANTA ROSA,161,1,3,148,133,145,3,2,0,0,7,148
EDO. COJEDES,CE. EZEQUIEL ZAMORA,PQ. SAN CARLOS DE AUSTRIA,ESCUELA BASICA BOLIVARIANA CARLOS TOVAR,2145,4,44,1827,914,1783,1,17,0,0,851,1827
EDO. COJEDES,CE. EZEQUIEL ZAMORA,PQ. SAN CARLOS DE AUSTRIA,CENTRO DE EDUCACION INICIAL NACIONAL BOLIVARIANO FUNDA BARRIO,696,2,9,615,499,606,0,4,0,0,103,615
EDO. COJEDES,CE. EZEQUIEL ZAMORA,PQ. SAN CARLOS DE AUSTRIA,CENTRO DE EDUCACION INICIAL BOLIVARIANO SAN ANTONIO DE PADUA,232,1,7,212,160,205,0,2,0,0,43,212
EDO. COJEDES,CE. EZEQUIEL ZAMORA,PQ. SAN CARLOS DE AUSTRIA,ESCUELA BOLIVARIANA MANPOSTAL,153,1,1,135,123,134,0,1,0,0,10,135
EDO. COJEDES,CE. EZEQUIEL ZAMORA,PQ. SAN CARLOS DE AUSTRIA,LICEO BOLIVARIANO RAUL LEONI,837,2,17,751,477,734,0,4,1,0,252,751
EDO. COJEDES,CE. EZEQUIEL ZAMORA,PQ. SAN CARLOS DE AUSTRIA,ESCUELA BASICA BOLIVARIANA ANGEL MARIA GARRIDO,1965,4,45,1641,914,1596,3,13,0,1,665,1641
EDO. COJEDES,CE. EZEQUIEL ZAMORA,PQ. SAN CARLOS DE AUSTRIA,ESCUELA  BASICA  ELOY GUILLERMO  GONZALEZ,3047,6,88,2489,1103,2401,2,20,2,3,1271,2489
EDO. COJEDES,CE. EZEQUIEL ZAMORA,PQ. SAN CARLOS DE AUSTRIA,LICEO BOLIVARIANO EZEQUIEL ZAMORA,506,1,18,457,304,439,0,3,0,0,132,457
EDO. COJEDES,CE. EZEQUIEL ZAMORA,PQ. SAN CARLOS DE AUSTRIA,CENTRO DE EDUCACIÓN INICIAL NACIONAL RAYITO DE SOL,429,1,8,368,272,360,0,2,0,0,86,368
EDO. COJEDES,CE. EZEQUIEL ZAMORA,PQ. SAN CARLOS DE AUSTRIA,ESCUELA ESTADAL CONCENTRADA PALMERO,689,2,14,562,389,548,0,3,1,0,155,562
EDO. COJEDES,MP. RICAURTE,PQ. LIBERTAD DE COJEDES,JARDIN DE INFANCIA BOLIVARIANO LA CHEPERA,246,1,5,205,168,200,0,1,0,0,31,205
EDO. COJEDES,MP. RICAURTE,PQ. LIBERTAD DE COJEDES,ESCUELA BASICA SABANA LARGA,299,1,2,279,219,277,0,5,0,0,53,279
EDO. COJEDES,MP. RICAURTE,PQ. LIBERTAD DE COJEDES,ESCUELA  BASICA  EL MUERTICO,509,1,6,423,376,417,0,2,0,0,39,423
EDO. COJEDES,MP. RICAURTE,PQ. LIBERTAD DE COJEDES,ESCUELA ESTADAL UNITARIA NUMERO 155,420,1,7,322,221,315,0,2,0,0,92,322
EDO. COJEDES,MP. RICAURTE,PQ. LIBERTAD DE COJEDES,ESCUELA  BASICA  CANTA RANA,808,2,20,677,570,657,1,2,1,0,83,677
EDO. COJEDES,MP. RICAURTE,PQ. LIBERTAD DE COJEDES,ESCUELA ESTADAL ZOILA EMPERATRIZ GUTIERREZ,1299,3,11,1017,774,1006,0,9,0,0,223,1017
EDO. COJEDES,MP. RICAURTE,PQ. LIBERTAD DE COJEDES,ESCUELA  BASICA  MIGUEL PALAO RICO,1950,4,31,1577,1215,1546,0,11,0,1,319,1577
EDO. COJEDES,MP. RICAURTE,PQ. LIBERTAD DE COJEDES,ESCUELA  ESTADAL NUMERO  256,287,1,5,218,163,213,0,0,0,0,50,218
EDO. COJEDES,MP. RICAURTE,PQ. LIBERTAD DE COJEDES,ESCUELA  CONCENTRADA  MIXTA GENAREÑO,437,1,4,349,265,345,0,0,1,1,78,349
EDO. COJEDES,MP. RICAURTE,PQ. LIBERTAD DE COJEDES,ESCUELA CONCENTRADA NUMERO  15 35 89 156,1063,2,27,876,632,849,0,7,0,0,210,876
EDO. COJEDES,MP. RICAURTE,PQ. LIBERTAD DE COJEDES,CICLO BASICO COMUN, FERNANDO FIGUEREDO,1546,3,40,1313,1014,1273,0,5,0,0,254,1313
EDO. COJEDES,MP. RICAURTE,PQ. EL AMPARO,CONCENTRACION ESCOLAR EL AMPARO,1049,2,16,781,620,765,0,6,2,0,137,781
EDO. COJEDES,MP. RICAURTE,PQ. EL AMPARO,C.E.I. LUIS RAMON MATUTE,389,1,3,347,307,344,1,2,0,0,34,347
EDO. COJEDES,MP. ROMULO GALLEGOS,PQ. ROMULO GALLEGOS,JARDIN DE INFANCIA 24 DE JUNIO,675,2,8,547,458,539,0,3,1,0,77,547
EDO. COJEDES,MP. ROMULO GALLEGOS,PQ. ROMULO GALLEGOS,UNIDAD EDUCATIVA ALEJANDRO FEBRES,569,1,13,517,399,504,0,3,1,0,101,517
EDO. COJEDES,MP. ROMULO GALLEGOS,PQ. ROMULO GALLEGOS,ESCUELA  BASICA LA BLANCA,1280,3,23,1046,764,1023,0,6,0,0,253,1046
EDO. COJEDES,MP. ROMULO GALLEGOS,PQ. ROMULO GALLEGOS,CENTRO DE EDUCACION INICIAL NACIONAL BOLIVARIANO MATA ABDON,575,1,12,505,352,493,0,3,1,0,137,505
EDO. COJEDES,MP. ROMULO GALLEGOS,PQ. ROMULO GALLEGOS,ESCUELA  BASICA  JUAN ANGEL BRAVO,2294,4,45,1855,1045,1810,1,23,2,0,739,1855
EDO. COJEDES,MP. ROMULO GALLEGOS,PQ. ROMULO GALLEGOS,ESCUELA BASICA BOLIVARIANA LAS MARGARITAS,697,2,17,597,519,580,0,4,0,0,57,597
EDO. COJEDES,MP. ROMULO GALLEGOS,PQ. ROMULO GALLEGOS,CENTRO DE EDUCACION INICIAL NACIONAL BOLIVARIANO ESTEFANA GONZALEZ,216,1,1,190,126,189,0,1,0,0,62,190
EDO. COJEDES,MP. ROMULO GALLEGOS,PQ. ROMULO GALLEGOS,ESCUELA  BOLIVARIANA  RURAL LA VIGIA,1002,2,29,762,526,733,0,8,0,0,199,762
EDO. COJEDES,MP. ROMULO GALLEGOS,PQ. ROMULO GALLEGOS,CENTRO DE EDUCACION INICIAL SAN MIGUEL,316,1,2,280,200,278,0,0,0,1,77,280
EDO. COJEDES,MP. ROMULO GALLEGOS,PQ. ROMULO GALLEGOS,ESCUELA  BASICA  NACIONAL  ESTEFANA GONZALEZ,2241,4,41,1796,1002,1755,1,14,1,0,737,1796
EDO. COJEDES,MP. ROMULO GALLEGOS,PQ. ROMULO GALLEGOS,LICEO BOLIVARIANO CREACION JUAN ANGEL BRAVO,889,2,19,717,486,698,0,3,0,0,209,717
EDO. COJEDES,MP. ROMULO GALLEGOS,PQ. ROMULO GALLEGOS,ESCUELA PRIMARIA RURAL EL CHARCOTE,516,1,6,447,427,441,0,0,0,0,14,447
EDO. COJEDES,MP. ROMULO GALLEGOS,PQ. ROMULO GALLEGOS,ESCUELA  BASICA BOLIVARIANA ELBA MANZANO DE SANCHEZ. EL ESPINAL,2127,4,60,1649,1008,1589,0,19,0,0,562,1649
EDO. COJEDES,MP. PAO S J BAUTISTA,PQ. EL PAO,CONCENTRACION ESCOLAR PAPELON,176,1,5,124,81,119,0,1,0,0,37,124
EDO. COJEDES,MP. PAO S J BAUTISTA,PQ. EL PAO,ESCUELA BASICA ESTADAL CONCENTRADA  MACUAYA,164,1,2,137,120,135,0,0,0,0,15,137
EDO. COJEDES,MP. PAO S J BAUTISTA,PQ. EL PAO,ESCUELA BASICA ESTADAL UNITARIA SIN NUMERO VALLECITO,75,1,3,71,53,68,0,0,0,0,15,71
EDO. COJEDES,MP. PAO S J BAUTISTA,PQ. EL PAO,ESCUELA BASICA CONCENTRADA LIMONCITO,125,1,2,121,113,119,0,1,0,0,5,121
EDO. COJEDES,MP. PAO S J BAUTISTA,PQ. EL PAO,ESCUELA  CONCENTRADA NUMERO  39 146,212,1,6,170,106,164,0,1,0,0,57,170
EDO. COJEDES,MP. PAO S J BAUTISTA,PQ. EL PAO,ESCUELA  BASICA  ADELA MATA DE MORENO,841,2,15,707,507,692,1,9,0,0,175,707
EDO. COJEDES,MP. PAO S J BAUTISTA,PQ. EL PAO,ESCUELA  ESTADAL  NUMERO  28 SIN NUMERO,470,1,17,368,277,351,0,2,1,0,71,368
EDO. COJEDES,MP. PAO S J BAUTISTA,PQ. EL PAO,ESCUELA BASICA ESTADAL CONCENTRADA LA ARENITA,169,1,2,147,116,145,0,0,0,1,28,147
EDO. COJEDES,MP. PAO S J BAUTISTA,PQ. EL PAO,CENTRO DE EDUCACION INICIAL BOLIVARIANO JOSE ANTONIO APONTE,236,1,6,220,167,214,1,1,0,0,45,220
EDO. COJEDES,MP. PAO S J BAUTISTA,PQ. EL PAO,ESCUELA  ESTADAL  NUMERO  26,226,1,2,155,122,153,0,1,1,0,29,155
EDO. COJEDES,MP. PAO S J BAUTISTA,PQ. EL PAO,ESCUELA BASICA CONCENTRADA EL PUEBLITO,534,1,6,476,425,470,0,5,0,0,40,476
EDO. COJEDES,MP. PAO S J BAUTISTA,PQ. EL PAO,ESCUELA BASICA CONCENTRADA MATA OSCURA,111,1,5,102,89,97,0,2,0,0,6,102
EDO. COJEDES,MP. PAO S J BAUTISTA,PQ. EL PAO,ESCUELA  ESTADAL  PLAYITA,286,1,2,198,166,196,2,0,0,0,28,198
EDO. COJEDES,MP. PAO S J BAUTISTA,PQ. EL PAO,ESCUELA  BASICA  BOLIVARIANA JOSE ANTONIO APONTE,1894,4,56,1557,950,1501,0,10,1,1,539,1557
EDO. COJEDES,MP. PAO S J BAUTISTA,PQ. EL PAO,UNIDAD EDUCATIVA TECNICA  JUDAS TADEO PIÑANGO,1603,3,47,1295,879,1248,0,8,0,0,361,1295
EDO. COJEDES,MP. PAO S J BAUTISTA,PQ. EL PAO,ESCUELA NACIONAL BOLIVARIANA EZEQUIEL ZAMORA,82,1,1,73,68,72,0,0,0,0,4,73
EDO. COJEDES,MP. PAO S J BAUTISTA,PQ. EL PAO,ESCUELA BASICA CAMPO ALEGRE,144,1,10,136,126,126,0,0,0,0,0,136
EDO. COJEDES,MP. PAO S J BAUTISTA,PQ. EL PAO,ESCUELA BASICA BAQUIRA,113,1,2,106,81,104,0,0,0,0,23,106
EDO. COJEDES,MP. PAO S J BAUTISTA,PQ. EL PAO,ESCUELA BASICA ESTADAL CONCENTRADA EL TORO,69,1,3,61,48,58,0,0,0,0,10,61
EDO. COJEDES,MP. PAO S J BAUTISTA,PQ. EL PAO,ESCUELA BASICA CORCOVADO,108,1,3,95,71,92,0,1,0,0,20,95
EDO. COJEDES,MP. PAO S J BAUTISTA,PQ. EL PAO,ESCUELA BASICA LOS MATA PALOS,219,1,7,201,173,194,0,2,1,0,18,201
EDO. COJEDES,MP. PAO S J BAUTISTA,PQ. EL PAO,ESCUELA ESTADAL UNITARIA NUMERO 135,209,1,2,168,146,166,0,0,0,0,20,168
EDO. COJEDES,MP. PAO S J BAUTISTA,PQ. EL PAO,ESCUELA  ESTADAL  CONCENTRADA NUMERO  91,374,1,9,274,201,265,1,0,0,0,63,274
EDO. COJEDES,MP. PAO S J BAUTISTA,PQ. EL PAO,ESCUELA ESTADAL UNITARIA NUMERO 12 GARRIDO,100,1,1,95,93,94,0,1,0,0,0,95
EDO. COJEDES,MP. PAO S J BAUTISTA,PQ. EL PAO,ESCUELA ESTADAL UNITARIA NUMERO  128,208,1,3,123,94,120,0,1,0,0,25,123
EDO. COJEDES,MP. PAO S J BAUTISTA,PQ. EL PAO,ESCUELA  BASICA  ESTADAL  UNITARIA NUMERO  265,300,1,3,250,227,247,0,1,0,0,19,250
EDO. COJEDES,MP. PAO S J BAUTISTA,PQ. EL PAO,ESCUELA  ESTADAL  UNITARIA NUMERO  149,244,1,5,193,149,188,0,3,0,0,36,193
EDO. COJEDES,MP. PAO S J BAUTISTA,PQ. EL PAO,ESCUELA  ESTADAL  CONCENTRADA SIN NUMERO,242,1,6,184,131,178,0,0,0,0,47,184
EDO. COJEDES,MP. PAO S J BAUTISTA,PQ. EL PAO,ESCUELA  ESTADAL NUMERO  31,374,1,5,304,248,299,0,3,1,0,47,304
EDO. COJEDES,MP. PAO S J BAUTISTA,PQ. EL PAO,ESCUELA UNITARIA LAS GARZAS,181,1,2,142,117,140,0,0,0,0,23,142
EDO. COJEDES,MP. PAO S J BAUTISTA,PQ. EL PAO,ESCUELA BASICA BOLIVARIANA SAN ANTONIO DE MONAGAS,457,1,7,379,362,372,0,0,0,0,10,379
EDO. COJEDES,MP. PAO S J BAUTISTA,PQ. EL PAO,ESCUELA CONCENTRADA LA CRUZ,202,1,2,177,143,175,1,0,0,0,31,177
EDO. COJEDES,MP. PAO S J BAUTISTA,PQ. EL PAO,ESCUELA  BASICA  ESTADAL  UNITARIA SIN NUMERO,200,1,3,162,144,159,0,0,0,0,15,162
EDO. COJEDES,MP. PAO S J BAUTISTA,PQ. EL PAO,ESCUELA  ESTADAL  CONCENTRADA ROLANDO VASQUEZ,858,2,10,682,568,672,1,6,0,0,97,682
EDO. COJEDES,MP. PAO S J BAUTISTA,PQ. EL PAO,ESCUELA BASICA ESTADAL CONCENTRADA LA YAGUITA,256,1,3,202,163,199,0,0,0,0,36,202
EDO. COJEDES,MP. PAO S J BAUTISTA,PQ. EL PAO,ESCUELA  ESTADAL NUMERO  73,377,1,9,304,278,295,1,1,1,1,13,304
EDO. COJEDES,MP. LIMA BLANCO,PQ. MACAPO,ESCUELA NACIONAL UNITARIA NUMERO 3647 EL BANCO,599,1,12,499,378,487,0,1,0,0,108,499
EDO. COJEDES,MP. LIMA BLANCO,PQ. MACAPO,ESCUELA BÁSICA BOLIVARIANA MANAURE,2292,4,37,1939,1249,1902,0,2,0,1,650,1939
EDO. COJEDES,MP. LIMA BLANCO,PQ. MACAPO,ESCUELA BASICA  MONAGAS,1047,2,28,872,576,844,0,3,0,1,264,872
EDO. COJEDES,MP. LIMA BLANCO,PQ. MACAPO,JARDIN DE INFANCIA MANAURE,487,1,6,421,287,415,0,4,0,0,124,421
EDO. COJEDES,MP. LIMA BLANCO,PQ. MACAPO,ESCUELA BASICA  DAVID MENESSINI,1091,2,18,908,482,890,0,5,0,0,403,908
EDO. COJEDES,MP. LIMA BLANCO,PQ. LA AGUADITA,ESCUELA  ESTADAL COCENTRADA NUMERO 20252 LAS PALMAS,288,1,6,243,181,237,0,0,0,0,56,243
EDO. COJEDES,MP. LIMA BLANCO,PQ. LA AGUADITA,CENTRO DE EDUCACION INICIAL BOLIVARIANO LA AGUADITA,137,1,0,122,101,122,0,1,0,0,20,122
EDO. COJEDES,MP. LIMA BLANCO,PQ. LA AGUADITA,ESCUELA ESTADAL CONCENTRADA NUMERO 80251 LAS PALMAS,593,1,5,465,355,460,0,2,1,0,102,465
EDO. COJEDES,MP. LIMA BLANCO,PQ. LA AGUADITA,ESCUELA  BASICA  MONSEÑOR  SIXTO SOSA,1906,4,52,1587,1077,1535,1,7,2,0,448,1587
EDO. COJEDES,MP. LIMA BLANCO,PQ. LA AGUADITA,UNIDAD EDUCATIVA JULIETA SANCHEZ,211,1,7,185,126,178,0,1,0,0,51,185
EDO. COJEDES,MP. ANZOATEGUI,PQ. JUAN DE MATA SUAREZ,ESCUELA PRIMARIA BASICA ESTADAL DR LUIS BELTRAN PRIETO FIGUEROA,1005,2,31,847,609,816,0,5,0,0,202,847
EDO. COJEDES,MP. ANZOATEGUI,PQ. JUAN DE MATA SUAREZ,ESCUELA PRIMARIA BASICA ESTADAL CARMELINA DE GARCIA,904,2,22,796,606,774,1,5,0,0,162,796
EDO. COJEDES,MP. ANZOATEGUI,PQ. JUAN DE MATA SUAREZ,ESCUELA PRIMARIA BOLIVARIANA NACIONAL MAURICIO PEREZ LAZO,3026,6,93,2431,1344,2338,0,15,0,1,978,2431
EDO. COJEDES,MP. ANZOATEGUI,PQ. JUAN DE MATA SUAREZ,ESCUELA PRIMARIA BASICA CONCENTRADA ESTADAL PUENTE ONOTO,632,2,9,524,397,515,0,1,0,0,117,524
EDO. COJEDES,MP. ANZOATEGUI,PQ. JUAN DE MATA SUAREZ,ESCUELA PRIMARIA  BASICA  CONCENTRADA ESTADAL LA AROITA,766,2,29,622,448,593,0,1,0,0,144,622
EDO. COJEDES,MP. ANZOATEGUI,PQ. JUAN DE MATA SUAREZ,CENTRO DE EDUCACION INICIAL BOLIVARIANO MAURICIO PEREZ LAZO,360,1,6,311,177,305,0,2,0,1,125,311
EDO. COJEDES,MP. ANZOATEGUI,PQ. JUAN DE MATA SUAREZ,ESCUELA PRIMARIA BASICA CONCENTRADA ESTADAL  RIO CLARO,340,1,1,270,262,269,0,0,0,0,7,270
EDO. COJEDES,MP. ANZOATEGUI,PQ. JUAN DE MATA SUAREZ,ESCUELA PRIMARIA BASICA CONCENTRADA  ESTADAL BUENOS AIRES,188,1,1,138,84,137,0,2,0,0,51,138
EDO. COJEDES,MP. ANZOATEGUI,PQ. COJEDES,ESCUELA PRIMARIA BASICA CONCENTRADA ESTADAL  EL ESTERO,426,1,7,341,255,334,0,2,0,0,77,341
EDO. COJEDES,MP. ANZOATEGUI,PQ. COJEDES,ESCUELA PRIMARIA CONCENTRADA ESTADAL CASA DE TEJA,120,1,3,113,98,110,0,1,0,0,11,113
EDO. COJEDES,MP. ANZOATEGUI,PQ. COJEDES,ESCUELA PRIMARIA BASICA CONCENTRADA ESTADAL MATA OSCURA,365,1,11,307,244,296,0,3,0,1,48,307
EDO. COJEDES,MP. ANZOATEGUI,PQ. COJEDES,CENTRO DE EDUCACION INICIAL LOS MANGOS,321,1,0,273,214,273,1,0,0,0,58,273
EDO. COJEDES,MP. ANZOATEGUI,PQ. COJEDES,ESCUELA PRIMARIA BASICA CONCENTRADA ESTADAL LA CHORRERA,386,1,1,342,291,341,0,0,0,0,50,342
EDO. COJEDES,MP. ANZOATEGUI,PQ. COJEDES,CENTRO DE EDUCACION INICIAL FRAY PEDRO ALCALA,405,1,10,366,284,356,0,1,0,0,71,366
EDO. COJEDES,MP. ANZOATEGUI,PQ. COJEDES,ESCUELA PRIMARIA  BOLIVARIANA NACIONAL AGUSTIN RAFAEL ANDRADES,2063,4,47,1705,1093,1658,0,3,0,0,562,1705
EDO. COJEDES,MP. ANZOATEGUI,PQ. COJEDES,ESCUELA PRIMARIA BASICA CONCENTRADA ESTADAL RETAJAO,526,1,11,409,331,398,0,3,0,0,64,409
EDO. COJEDES,MP. TINAQUILLO,PQ. TINAQUILLO,ESCUELA  BASICA  ANATOLIO VIVAS SALAMANCA,3584,7,56,2904,1732,2848,0,15,0,2,1099,2904
EDO. COJEDES,MP. TINAQUILLO,PQ. TINAQUILLO,CENTRO DE EDUCACION INICIAL ESTADAL LIGIA CADENA DE ALVARADO,324,1,3,286,212,283,0,1,0,0,70,286
EDO. COJEDES,MP. TINAQUILLO,PQ. TINAQUILLO,ESCUELA  BASICA  ORTENCIA DE GARMENDIA,1415,3,51,1158,627,1107,0,6,0,0,474,1158
EDO. COJEDES,MP. TINAQUILLO,PQ. TINAQUILLO,ESCUELA  UNITARIA  COMPLETA NUMERO  44 120,191,1,9,123,86,114,0,0,0,0,28,123
EDO. COJEDES,MP. TINAQUILLO,PQ. TINAQUILLO,CENTRO DE EDUCACION INICIAL BOLIVARIANO LA FLORESTA,398,1,6,364,302,358,0,1,0,0,55,364
EDO. COJEDES,MP. TINAQUILLO,PQ. TINAQUILLO,CENTRO DE EDUCACION INICIAL NACIONAL GUAYABITO,363,1,6,320,205,314,0,2,0,0,107,320
EDO. COJEDES,MP. TINAQUILLO,PQ. TINAQUILLO,CENTRO DE EDUCACION INICIAL NACIONAL TEOSTISTE DE GALLEGOS,526,1,15,446,357,431,0,0,0,1,73,446
EDO. COJEDES,MP. TINAQUILLO,PQ. TINAQUILLO,LICEO BOLIVARIANO PRESBITERO MANUEL AROCHA,358,1,9,311,194,302,0,1,0,0,107,311
EDO. COJEDES,MP. TINAQUILLO,PQ. TINAQUILLO,ESCUELA  BASICA  PREBISTERO LUIS MARIA  SUCRE,1693,3,58,1448,710,1390,1,4,0,1,674,1448
EDO. COJEDES,MP. TINAQUILLO,PQ. TINAQUILLO,ESCUELA BASICA BOLIVARIANA LOS CAPACHITOS,565,1,2,475,374,473,1,3,0,1,94,475
EDO. COJEDES,MP. TINAQUILLO,PQ. TINAQUILLO,CICLO DIVERSIFICADO JOSE LAURENCIO SILVA,344,1,3,307,151,304,0,1,0,0,152,307
EDO. COJEDES,MP. TINAQUILLO,PQ. TINAQUILLO,CENTRO DE EDUCACION INICIAL NACIONAL LOS PINOS,261,1,6,248,199,242,0,2,0,0,41,248
EDO. COJEDES,MP. TINAQUILLO,PQ. TINAQUILLO,CENTRO DE EDUCACION INICIAL BOLIVARIANO LAS GRANJITAS,909,2,20,744,608,724,0,3,0,0,113,744
EDO. COJEDES,MP. TINAQUILLO,PQ. TINAQUILLO,CENTRO DE EDUCACIÒN INICIAL BOLIVARINA  03 MAYO,571,1,15,511,438,496,0,2,0,0,56,511
EDO. COJEDES,MP. TINAQUILLO,PQ. TINAQUILLO,ESCUELA  BASICA JESUS MARTIN LEON,4315,8,79,3397,2331,3318,3,22,3,1,958,3397
EDO. COJEDES,MP. TINAQUILLO,PQ. TINAQUILLO,ESCUELA BASICA BOLIVARIANA LOS MONOS,269,1,12,232,202,220,0,2,0,0,16,232
EDO. COJEDES,MP. TINAQUILLO,PQ. TINAQUILLO,ESCUELA  BASICA  LIGIA CADENA  DE ALVARADO,2756,5,55,2192,1414,2137,3,10,1,1,708,2192
EDO. COJEDES,MP. TINAQUILLO,PQ. TINAQUILLO,ESCUELA  BASICA ELOY JOSE ORTEGA PEREZ,2553,5,97,2102,1443,2005,0,14,1,0,547,2102
EDO. COJEDES,MP. TINAQUILLO,PQ. TINAQUILLO,ESCUELA  BASICA BALMIRA VILLEGAS,3506,6,60,2882,1400,2822,0,15,0,0,1407,2882
EDO. COJEDES,MP. TINAQUILLO,PQ. TINAQUILLO,ESCUELA BASICA ANTONIO JOSE DE SUCRE,2801,5,45,2204,1426,2159,1,12,3,3,714,2204
EDO. COJEDES,MP. TINAQUILLO,PQ. TINAQUILLO,CENTRO DE EDUCACION INICIAL BUENA VISTA,236,1,6,211,173,205,0,0,0,0,32,211
EDO. COJEDES,MP. TINAQUILLO,PQ. TINAQUILLO,ESCUELA  BASICA  FRANCISCO JOSE SANDOVAL,711,2,21,577,337,556,0,3,0,0,216,577
EDO. COJEDES,MP. TINAQUILLO,PQ. TINAQUILLO,CENTRO DE EDUCACION INICIAL NACIONAL BOLIVARIANO ANDRES BELLO,52,1,2,43,16,41,0,0,0,0,25,43
EDO. COJEDES,MP. TINAQUILLO,PQ. TINAQUILLO,CENTRO DE EDUCACION INICIAL NACIONAL BALMIRA VILLEGAS,580,1,11,502,338,491,0,1,0,0,152,502
EDO. COJEDES,MP. TINAQUILLO,PQ. TINAQUILLO,ESCUELA  BASICA  ANGEL MARIA LIZAUZABA,930,2,7,775,603,768,0,2,0,0,163,775
EDO. COJEDES,MP. TINAQUILLO,PQ. TINAQUILLO,CENTRO DE EDUCACION INICIAL NACIONAL BOLIVARIANO LOS CARIÑOSITOS,347,1,2,310,212,308,0,4,0,0,92,310
EDO. COJEDES,MP. TINAQUILLO,PQ. TINAQUILLO,ESCUELA PRIMARIA CERRO GORDO,160,1,9,132,101,123,0,1,0,0,21,132
EDO. COJEDES,MP. TINAQUILLO,PQ. TINAQUILLO,ESCUELA BASICA CONCENTRADA  NUMERO 206 NER  50,397,1,6,323,279,317,1,0,0,0,37,323
EDO. COJEDES,MP. TINAQUILLO,PQ. TINAQUILLO,ESCUELA BASICA ELOY JACINTO DIAZ OCHOA,1142,2,24,979,750,955,1,5,0,0,199,979
EDO. COJEDES,MP. TINAQUILLO,PQ. TINAQUILLO,CENTRO DE EDUCACION INICIAL BOLIVARIANA EL BAJIO,228,1,1,206,186,205,0,1,0,0,18,206
EDO. COJEDES,MP. TINAQUILLO,PQ. TINAQUILLO,ESCUELA  ESTADAL  CONCENTRADA  NUMERO  134,384,1,9,327,202,318,0,7,1,0,108,327
EDO. COJEDES,MP. TINAQUILLO,PQ. TINAQUILLO,ESCUELA  BASICA  JOSE FRANCISCO AROCHA,2022,4,50,1669,1097,1619,0,9,0,1,512,1669
EDO. COJEDES,MP. TINAQUILLO,PQ. TINAQUILLO,CENTRO UNIFICADO ANZOATEGUI,2508,5,33,2106,834,2073,0,13,0,0,1226,2106
EDO. COJEDES,MP. TINAQUILLO,PQ. TINAQUILLO,ESCUELA  BASICA UNITARIA NUMERO 61 249,995,2,22,813,491,791,0,4,1,2,293,813
EDO. COJEDES,MP. TINAQUILLO,PQ. TINAQUILLO,UNIVERSIDAD NACIONAL EXPERIMENTAL POLITECNICA DE LA FUERZA ARMADA. NUCLEO COJEDES,837,2,23,746,446,723,0,5,0,0,272,746
EDO. COJEDES,MP. TINAQUILLO,PQ. TINAQUILLO,ESCUELA BASICA  EDUARDO NOGUERA,3697,7,87,2943,2171,2856,1,18,3,0,663,2943
EDO. COJEDES,MP. TINAQUILLO,PQ. TINAQUILLO,CENTRO DE EDUCACION INICIAL KARACHE,150,1,3,134,106,131,0,0,0,0,25,134
EDO. COJEDES,MP. TINAQUILLO,PQ. TINAQUILLO,ESCUELA  BASICA NUMERO  90,757,2,15,603,432,588,0,6,0,0,150,603
EDO. COJEDES,MP. TINAQUILLO,PQ. TINAQUILLO,CENTRO DE EDUCACION INICIAL NACIONAL BOLIVARIANO CAJA DE AGUA 2,277,1,6,253,170,247,0,2,0,0,75,253
EDO. COJEDES,MP. TINAQUILLO,PQ. TINAQUILLO,ESCUELA  ESTADAL CONCENTRADA  NUMERO 168 TAMANACO,381,1,5,312,210,307,0,1,0,0,96,312
EDO. COJEDES,MP. TINAQUILLO,PQ. TINAQUILLO,UNIDAD EDUCATIVA NACIONAL BATALLA DE TAGUANES,449,1,15,373,274,358,0,3,0,0,81,373
EDO. COJEDES,MP. TINAQUILLO,PQ. TINAQUILLO,PRE ESCOLAR   JUAN IGNACIO MENDEZ,2336,4,56,1836,1380,1780,1,8,0,1,390,1836
EDO. COJEDES,MP. TINAQUILLO,PQ. TINAQUILLO,ESCUELA BASICA SIMON RODRIGUEZ,409,1,8,360,296,352,1,4,1,0,50,360
EDO. COJEDES,MP. TINAQUILLO,PQ. TINAQUILLO,CENTRO DE EDUCACION INICIAL BOLIVARIANO BATALLA DE TAGUANES,315,1,4,263,181,259,0,4,0,0,74,263
EDO. COJEDES,MP. TINAQUILLO,PQ. TINAQUILLO,ESCUELA CONCENTRADA SIN NUMERO CHIRGUITA,333,1,14,296,238,282,0,0,0,0,44,296
EDO. COJEDES,MP. TINAQUILLO,PQ. TINAQUILLO,ESCUELA  BOLIVARIANA JOSE ANTONIO  ANZOATEGUI,4276,8,49,3595,1336,3546,1,16,0,2,2191,3595
EDO. COJEDES,MP. TINAQUILLO,PQ. TINAQUILLO,ESCUELA  ESTADAL  CONCENTRADA  NUMERO  154,324,1,8,250,157,242,0,1,2,0,82,250
EDO. COJEDES,MP. TINAQUILLO,PQ. TINAQUILLO,PRE ESCOLAR LOS PICOS E' PLATA,2600,5,66,2063,1278,1997,1,13,2,1,702,2063
EDO. COJEDES,MP. TINAQUILLO,PQ. TINAQUILLO,ESCUELA BASICA NACIONAL BOLIVARIANA JUAN IGNACIO MENDEZ,639,2,11,559,464,548,0,2,0,0,82,559
EDO. COJEDES,MP. TINAQUILLO,PQ. TINAQUILLO,ESCUELA PRIMARIA RURAL LOS LEONCITOS,209,1,7,172,140,165,0,0,0,1,24,172
EDO. COJEDES,MP. TINAQUILLO,PQ. TINAQUILLO,CENTRO DE EDUCACION INICIAL MARIA DE LA CONCEPCION PALACIOS Y BLANCO,321,1,12,296,215,284,0,2,1,0,66,296
EDO. COJEDES,MP. TINAQUILLO,PQ. TINAQUILLO,UNIDAD EDUCATIVA SIMON BOLIVAR,1565,3,29,1246,876,1217,2,14,0,0,325,1246
EDO. COJEDES,MP. TINAQUILLO,PQ. TINAQUILLO,ESCUELA  BASICA  CRISTINA DE BOCANEY,3005,6,100,2361,1576,2261,4,11,3,2,665,2361
EDO. COJEDES,MP. TINAQUILLO,PQ. TINAQUILLO,CENTRO DE EDUCACION INICIAL ESTADAL LOS PEGONES,158,1,6,139,113,133,1,0,0,0,19,139
EDO. COJEDES,MP. TINAQUILLO,PQ. TINAQUILLO,UNIDAD EDUCATIVA  MONSEÑOR FRANCISCO MIGUEL SEIJAS,1499,3,27,1296,550,1269,0,5,0,2,712,1296
EDO. COJEDES,MP. TINAQUILLO,PQ. TINAQUILLO,CENTRO DE EDUCACION INICIAL AUTONOMA TINAQUILLO,96,1,1,78,36,77,0,0,0,0,41,78
